,Observed,Predicted
0,0.14,0.3120897
1,0.166666667,0.22554576
2,0.13125,0.22554576
3,0.18,0.32339308
4,17.7,13.602589
5,0.76,0.6541585
6,25.0,9.847253
7,0.11,0.23788255
8,0.17,0.25052178
9,0.020833333,0.20947093
10,0.65,0.63360435
11,0.229166667,0.21593377
12,1.2,0.32560652
