Model,R2_train_mean,R2_train_std,R2_test_mean,R2_test_std,MAE_train_mean,MAE_train_std,MAE_test_mean,MAE_test_std,MSE_train_mean,MSE_train_std,MSE_test_mean,MSE_test_std,PICP_train_mean,PICP_train_std,PICP_test_mean,PICP_test_std,MPIW_train_mean,MPIW_train_std,MPIW_test_mean,MPIW_test_std,STD_train_mean_mean,STD_train_mean_std,STD_test_mean_mean,STD_test_mean_std
Gaussian Process Regression,0.913964010949746,0.015416920769100772,-16.232308278164773,26.559308755554472,18.317295015357736,2.570996982795554,182.61171104226364,99.63379196892855,1478.2803134696298,203.28938494795995,199983.50266975217,264560.13086910517,0.00536936936936937,0.006576354432876623,0.0,0.0,3.0152104096397035e-05,4.6381149909601654e-07,0.02627003191884064,0.004140826994129868,7.69186328961267e-06,1.183192603858324e-07,0.006701538754807631,0.001056333416868685
BNN-Variational Regression,0.7247425418994478,0.04437112954796419,0.5763703617705154,0.13417197349559004,54.61654485105222,7.026806772914774,65.74129777517932,8.187624789546192,4812.482761649371,1047.3074487946806,6962.823133529071,2453.9055773086334,1.0,0.0,1.0,0.0,751.926953125,207.29850700482575,590.2764587402344,103.61528532789116,191.81810607910157,52.88229329894585,150.58072204589843,26.432470141873257
BNN-Flipout Regression,-1.9887513744918202,0.722029887673331,-1.987561757604933,1.3366607240424044,180.27065176622548,27.551427283781525,168.04012520059507,26.44175042170311,51730.04229112925,12932.879468388335,45528.398731841626,16243.595454011534,0.18010810810810812,0.04818256545336417,0.25847953216374264,0.08163290257072202,115.08724517822266,11.5954791236917,114.89971313476562,10.61701895856147,29.358990097045897,2.958027050407549,29.31114959716797,2.7084224029403834
PNN-StudentT Regression,0.7083211956731437,0.06952389785168887,0.6067489611917292,0.11817958675858999,55.31976373280018,8.652600720967893,63.90580260516607,5.7871872347594495,5030.391858425797,1084.3772450681583,6253.3506104997,1205.3663035293498,0.956936936936937,0.019935453020987925,0.9257309941520468,0.07122989463665552,293.9549072265625,46.422033367407664,288.0820709228516,43.22247608649702,74.98849258422851,11.842356991047573,73.49032211303711,11.026137596004041
