Model,R2_train_mean,R2_train_std,R2_test_mean,R2_test_std,MAE_train_mean,MAE_train_std,MAE_test_mean,MAE_test_std,MSE_train_mean,MSE_train_std,MSE_test_mean,MSE_test_std,PICP_train_mean,PICP_train_std,PICP_test_mean,PICP_test_std,MPIW_train_mean,MPIW_train_std,MPIW_test_mean,MPIW_test_std,STD_train_mean_mean,STD_train_mean_std,STD_test_mean_mean,STD_test_mean_std
Gaussian Process Regression,0.5781833987582644,0.1832434095184949,-5.603459955842663,6.623338891130788,2.368539181179585,0.7661183556729435,6.946772265408764,3.986352732276118,22.229713057250898,9.698046192670384,132.7554565814551,132.71299242144602,0.11871657754010696,0.07853137361697413,0.0,0.0,2.4147939080427686e-05,4.5852759496740445e-07,0.06071731145628377,0.014076640939409281,6.1601885409073e-06,1.1697132525624377e-07,0.015489110065378476,0.0035909798314819738
BNN-Variational Regression,0.2643009524389685,0.08652776909482159,-1.1482069768823429,1.1511119961781457,3.353259201915697,0.6484710299153376,5.097503246989101,2.1517657795827723,37.86961254080643,10.910753833188629,68.50450954472825,47.86510559713081,0.9342245989304814,0.03535258665473657,0.8305555555555555,0.06596856715021064,14.204732704162598,3.6250208115162943,19.359456920623778,11.753070146766923,3.6236562728881836,0.9247501421645858,4.93863697052002,2.9982321583632703
BNN-Flipout Regression,-0.36345590295997143,0.4011193292838087,-6.056045849247074,5.656565479841285,6.510992220749017,1.561048946178341,7.528574467888992,2.844748936085943,72.7933104089134,32.320489029753844,127.0778774041045,71.0089750948769,0.20249554367201425,0.07146016159004556,0.39722222222222225,0.17316052639454108,5.783731889724732,1.818034943958428,6.372745037078857,2.1694622109876702,1.475441837310791,0.4637843656252305,1.6257002472877502,0.5534342913504381
PNN-StudentT Regression,0.46094323188163716,0.1896151727032397,-0.6474905121665047,1.0869644320155871,2.652815846935206,0.9027374313774675,4.262993441301882,1.8588519617442094,28.437859004973625,11.584005552375155,57.00758523819271,51.948915809950115,0.9167557932263815,0.01136634478925483,0.6166666666666666,0.1724908299584447,12.09351806640625,5.205426961199818,10.62140612602234,5.5995176247357,3.085081148147583,1.3279150633918873,2.7095421671867372,1.4284482060093964
