Model,R2_train_mean,R2_train_std,R2_test_mean,R2_test_std,MAE_train_mean,MAE_train_std,MAE_test_mean,MAE_test_std,MSE_train_mean,MSE_train_std,MSE_test_mean,MSE_test_std,PICP_train_mean,PICP_train_std,PICP_test_mean,PICP_test_std,MPIW_train_mean,MPIW_train_std,MPIW_test_mean,MPIW_test_std,STD_train_mean_mean,STD_train_mean_std,STD_test_mean_mean,STD_test_mean_std
Gaussian Process Regression,0.424797420281103,0.03228229941969224,-1.2870257359726824,0.9508533557761034,292.1911645460716,13.355241912837421,505.3111600864775,43.90422064621969,162454.12844909745,11606.486253128425,606972.6494214504,216230.34282097383,0.00072992700729927,0.0014598540145985398,0.0,0.0,1.9952367104870836e-05,1.2317151784179498e-07,0.0009282238914308648,0.0006057242181776025,5.089889565022377e-06,3.142130378666639e-08,0.0002367918090352826,0.00015452148422681044
BNN-Variational Regression,0.22621162814700782,0.05169232875480234,-0.11949255966330793,0.19286446087650283,361.5406191557238,20.112499374420523,434.46313274516876,47.491824444013545,218398.58113896288,15437.007214220028,304378.57329397404,57000.747180980485,0.9919840743198407,0.004242540947952589,0.8894714407502132,0.0653250647636391,2358.935693359375,166.98190951933336,1994.668505859375,293.6326314678053,601.7692993164062,42.59741257919937,508.8440307617187,74.90623634895708
BNN-Flipout Regression,-0.6782236580394427,0.2886242600105848,-0.6490341351060727,0.16812619727681102,547.3158568975559,52.741921668337035,522.0806750311368,37.07038559881407,473321.4007487859,79996.91932080839,448212.10973012605,54260.855178362915,0.5255209024552091,0.05105692640749252,0.5595055413469736,0.04788190095404768,1032.4129516601563,109.8345945992262,977.9935668945312,99.9833565207155,263.37062683105466,28.019015081528806,249.48812561035157,25.505958103579943
PNN-StudentT Regression,0.10204055094370752,0.05664503967874464,-0.03795707011779794,0.1310726027880832,396.43153333881986,15.192171284080876,421.921002989734,41.981754472174,253360.71097993833,16090.774344247413,282752.2147680393,45102.47608384894,0.9810484406104845,0.0027384144130651942,0.9562659846547314,0.030565186372804497,2181.230615234375,75.11525063727517,2189.098779296875,104.65822140565702,556.4364135742187,19.16208084750538,558.4435302734375,26.698572390486774
